{"policy_loss": [1.1435565948486328, 1.0561134815216064, 1.0039862394332886, 0.9659015536308289, 0.942919135093689], "value_loss": [0.7908667325973511, 0.784160852432251, 0.6988736391067505, 0.6298617720603943, 0.4639269709587097], "total_loss": [1.9344233274459839, 1.8402743339538574, 1.702859878540039, 1.5957633256912231, 1.4068461060523987], "rewards": [-0.5769779263492573], "actions": {"buy": [1], "sell": [599], "hold": [0]}}