{"policy_loss": [1.1397196054458618, 1.0779502391815186, 1.0163333415985107, 0.9696552753448486, 0.9461746215820312, 0.9288418889045715, 0.9317207932472229, 0.9123325347900391, 0.8884572982788086, 0.8670620918273926, 0.8659555912017822, 0.8518145084381104, 0.8254097700119019, 0.8304542303085327, 0.8245784044265747, 0.8222920894622803, 0.825498104095459, 0.8027663826942444, 0.8111015558242798, 0.7947498559951782], "value_loss": [0.8857556581497192, 0.7056288719177246, 0.6177911758422852, 0.6084524393081665, 0.4351472854614258, 0.30765819549560547, 0.21292644739151, 0.1292165219783783, 0.1186998188495636, 0.09368637204170227, 0.08916682004928589, 0.09388533979654312, 0.07621489465236664, 0.08767810463905334, 0.07942356914281845, 0.0836833268404007, 0.08468463271856308, 0.0849137008190155, 0.08173596858978271, 0.07736356556415558], "total_loss": [2.025475263595581, 1.7835791110992432, 1.634124517440796, 1.5781077146530151, 1.381321907043457, 1.236500084400177, 1.144647240638733, 1.0415490567684174, 1.0071571171283722, 0.9607484638690948, 0.9551224112510681, 0.9456998482346535, 0.9016246646642685, 0.9181323349475861, 0.9040019735693932, 0.905975416302681, 0.9101827368140221, 0.8876800835132599, 0.8928375244140625, 0.8721134215593338], "rewards": [-0.5715214379096905], "actions": {"buy": [0], "sell": [1996], "hold": [4]}}